{
    "purchase_value": 0.11864431202411652,
    "device_id": 0.10357143729925156,
    "source": 0.10544818639755249,
    "browser": 0.10490846633911133,
    "sex": 0.10342185199260712,
    "age": 0.1312418282032013,
    "purchase_hour": 0.1170407310128212,
    "purchase_dayofweek": 0.10472714900970459,
    "time_since_signup": 0.11099603772163391,
    "ip_prefix": 0.0
}